{"assets/docs/cv.pdf":["assets/docs/cv.pdf"],"assets/images/profil.jpeg":["assets/images/profil.jpeg"],"packages/font_awesome_flutter/lib/fonts/fa-brands-400.ttf":["packages/font_awesome_flutter/lib/fonts/fa-brands-400.ttf"],"packages/font_awesome_flutter/lib/fonts/fa-regular-400.ttf":["packages/font_awesome_flutter/lib/fonts/fa-regular-400.ttf"],"packages/font_awesome_flutter/lib/fonts/fa-solid-900.ttf":["packages/font_awesome_flutter/lib/fonts/fa-solid-900.ttf"],"packages/syncfusion_flutter_pdfviewer/assets/fonts/RobotoMono-Regular.ttf":["packages/syncfusion_flutter_pdfviewer/assets/fonts/RobotoMono-Regular.ttf"],"packages/syncfusion_flutter_pdfviewer/assets/highlight.png":["packages/syncfusion_flutter_pdfviewer/assets/highlight.png"],"packages/syncfusion_flutter_pdfviewer/assets/squiggly.png":["packages/syncfusion_flutter_pdfviewer/assets/squiggly.png"],"packages/syncfusion_flutter_pdfviewer/assets/strikethrough.png":["packages/syncfusion_flutter_pdfviewer/assets/strikethrough.png"],"packages/syncfusion_flutter_pdfviewer/assets/underline.png":["packages/syncfusion_flutter_pdfviewer/assets/underline.png"]}